{
  "hash": "7fd16f11",
  "configHash": "44af4b8b",
  "lockfileHash": "2a3d90b4",
  "browserHash": "1540d060",
  "optimized": {
    "@angular/common": {
      "src": "../../../../../../node_modules/@angular/common/fesm2022/common.mjs",
      "file": "@angular_common.js",
      "fileHash": "9d52f91c",
      "needsInterop": false
    },
    "@angular/core": {
      "src": "../../../../../../node_modules/@angular/core/fesm2022/core.mjs",
      "file": "@angular_core.js",
      "fileHash": "cea17c9b",
      "needsInterop": false
    },
    "@angular/platform-browser": {
      "src": "../../../../../../node_modules/@angular/platform-browser/fesm2022/platform-browser.mjs",
      "file": "@angular_platform-browser.js",
      "fileHash": "d0324433",
      "needsInterop": false
    },
    "@angular/router": {
      "src": "../../../../../../node_modules/@angular/router/fesm2022/router.mjs",
      "file": "@angular_router.js",
      "fileHash": "2a4f2ef9",
      "needsInterop": false
    },
    "@angular/common/http": {
      "src": "../../../../../../node_modules/@angular/common/fesm2022/http.mjs",
      "file": "@angular_common_http.js",
      "fileHash": "8c40e06b",
      "needsInterop": false
    },
    "@angular/forms": {
      "src": "../../../../../../node_modules/@angular/forms/fesm2022/forms.mjs",
      "file": "@angular_forms.js",
      "fileHash": "f34d054e",
      "needsInterop": false
    }
  },
  "chunks": {
    "chunk-VIGYISPY": {
      "file": "chunk-VIGYISPY.js"
    },
    "chunk-3AT4OADO": {
      "file": "chunk-3AT4OADO.js"
    },
    "chunk-EEA6BZYC": {
      "file": "chunk-EEA6BZYC.js"
    },
    "chunk-4X6VR2I6": {
      "file": "chunk-4X6VR2I6.js"
    },
    "chunk-LLCSK662": {
      "file": "chunk-LLCSK662.js"
    }
  }
}